cel.dev/expr,https://github.com/cel-expr/cel-spec/blob/v0.25.1/LICENSE,Apache-2.0
github.com/andybalholm/brotli,https://github.com/andybalholm/brotli/blob/v1.2.0/LICENSE,MIT
github.com/antlr4-go/antlr/v4,https://github.com/antlr4-go/antlr/blob/v4.13.1/LICENSE,BSD-3-Clause
github.com/beorn7/perks/quantile,https://github.com/beorn7/perks/blob/v1.0.1/LICENSE,MIT
github.com/cenkalti/backoff/v5,https://github.com/cenkalti/backoff/blob/v5.0.3/LICENSE,MIT
github.com/cespare/xxhash/v2,https://github.com/cespare/xxhash/blob/v2.3.0/LICENSE.txt,MIT
github.com/cncf/xds/go,https://github.com/cncf/xds/blob/dba9d589def2/go/LICENSE,Apache-2.0
github.com/envoyproxy/go-control-plane/envoy,https://github.com/envoyproxy/go-control-plane/blob/envoy/v1.37.0/envoy/LICENSE,Apache-2.0
github.com/envoyproxy/protoc-gen-validate/validate,https://github.com/envoyproxy/protoc-gen-validate/blob/v1.3.3/LICENSE,Apache-2.0
github.com/fsnotify/fsnotify,https://github.com/fsnotify/fsnotify/blob/v1.9.0/LICENSE,BSD-3-Clause
github.com/go-logr/logr,https://github.com/go-logr/logr/blob/v1.4.3/LICENSE,Apache-2.0
github.com/go-logr/stdr,https://github.com/go-logr/stdr/blob/v1.2.2/LICENSE,Apache-2.0
github.com/go-viper/mapstructure/v2,https://github.com/go-viper/mapstructure/blob/v2.5.0/LICENSE,MIT
github.com/google/cel-go,https://github.com/google/cel-go/blob/v0.26.1/LICENSE,Apache-2.0
github.com/google/cel-go,https://github.com/google/cel-go/blob/v0.26.1/LICENSE,BSD-3-Clause
github.com/google/uuid,https://github.com/google/uuid/blob/v1.6.0/LICENSE,BSD-3-Clause
github.com/grpc-ecosystem/grpc-gateway/v2,https://github.com/grpc-ecosystem/grpc-gateway/blob/v2.29.0/LICENSE,BSD-3-Clause
github.com/klauspost/compress,https://github.com/klauspost/compress/blob/v1.19.2/LICENSE,MIT
github.com/klauspost/compress,https://github.com/klauspost/compress/blob/v1.19.2/LICENSE,Apache-2.0
github.com/klauspost/compress,https://github.com/klauspost/compress/blob/v1.19.2/LICENSE,BSD-3-Clause
github.com/klauspost/compress/internal/snapref,https://github.com/klauspost/compress/blob/v1.19.2/internal/snapref/LICENSE,BSD-3-Clause
github.com/klauspost/compress/zstd/internal/xxhash,https://github.com/klauspost/compress/blob/v1.19.2/zstd/internal/xxhash/LICENSE.txt,MIT
github.com/knadh/koanf/maps,https://github.com/knadh/koanf/blob/maps/v0.1.2/maps/LICENSE,MIT
github.com/knadh/koanf/parsers/toml/v2,https://github.com/knadh/koanf/blob/parsers/toml/v2.2.0/parsers/toml/LICENSE,MIT
github.com/knadh/koanf/providers/confmap,https://github.com/knadh/koanf/blob/providers/confmap/v1.0.0/providers/confmap/LICENSE,MIT
github.com/knadh/koanf/providers/file,https://github.com/knadh/koanf/blob/providers/file/v1.2.1/providers/file/LICENSE,MIT
github.com/knadh/koanf/v2,https://github.com/knadh/koanf/blob/v2.3.2/LICENSE,MIT
github.com/mitchellh/copystructure,https://github.com/mitchellh/copystructure/blob/v1.2.0/LICENSE,MIT
github.com/mitchellh/reflectwalk,https://github.com/mitchellh/reflectwalk/blob/v1.0.2/LICENSE,MIT
github.com/moesif/moesifapi-go,https://github.com/moesif/moesifapi-go/blob/v1.1.5/LICENSE,Apache-2.0
github.com/munnerz/goautoneg,https://github.com/munnerz/goautoneg/blob/a7dc8b61c822/LICENSE,BSD-3-Clause
github.com/pelletier/go-toml/v2,https://github.com/pelletier/go-toml/blob/v2.2.4/LICENSE,MIT
github.com/prometheus/client_golang/internal/github.com/golang/gddo/httputil,https://github.com/prometheus/client_golang/blob/v1.23.2/internal/github.com/golang/gddo/LICENSE,BSD-3-Clause
github.com/prometheus/client_golang/prometheus,https://github.com/prometheus/client_golang/blob/v1.23.2/LICENSE,Apache-2.0
github.com/prometheus/client_model/go,https://github.com/prometheus/client_model/blob/v0.6.2/LICENSE,Apache-2.0
github.com/prometheus/common,https://github.com/prometheus/common/blob/v0.66.1/LICENSE,Apache-2.0
github.com/prometheus/procfs,https://github.com/prometheus/procfs/blob/v0.19.2/LICENSE,Apache-2.0
github.com/stoewer/go-strcase,https://github.com/stoewer/go-strcase/blob/v1.3.1/LICENSE,MIT
go.opentelemetry.io/auto/sdk,https://github.com/open-telemetry/opentelemetry-go-instrumentation/blob/sdk/v1.2.1/sdk/LICENSE,Apache-2.0
go.opentelemetry.io/otel,https://github.com/open-telemetry/opentelemetry-go/blob/v1.44.0/LICENSE,Apache-2.0
go.opentelemetry.io/otel,https://github.com/open-telemetry/opentelemetry-go/blob/v1.44.0/LICENSE,BSD-3-Clause
go.opentelemetry.io/otel/exporters/otlp/otlptrace,https://github.com/open-telemetry/opentelemetry-go/blob/exporters/otlp/otlptrace/v1.44.0/exporters/otlp/otlptrace/LICENSE,Apache-2.0
go.opentelemetry.io/otel/exporters/otlp/otlptrace,https://github.com/open-telemetry/opentelemetry-go/blob/exporters/otlp/otlptrace/v1.44.0/exporters/otlp/otlptrace/LICENSE,BSD-3-Clause
go.opentelemetry.io/otel/exporters/otlp/otlptrace/otlptracegrpc,https://github.com/open-telemetry/opentelemetry-go/blob/exporters/otlp/otlptrace/otlptracegrpc/v1.44.0/exporters/otlp/otlptrace/otlptracegrpc/LICENSE,Apache-2.0
go.opentelemetry.io/otel/exporters/otlp/otlptrace/otlptracegrpc,https://github.com/open-telemetry/opentelemetry-go/blob/exporters/otlp/otlptrace/otlptracegrpc/v1.44.0/exporters/otlp/otlptrace/otlptracegrpc/LICENSE,BSD-3-Clause
go.opentelemetry.io/otel/metric,https://github.com/open-telemetry/opentelemetry-go/blob/metric/v1.44.0/metric/LICENSE,Apache-2.0
go.opentelemetry.io/otel/metric,https://github.com/open-telemetry/opentelemetry-go/blob/metric/v1.44.0/metric/LICENSE,BSD-3-Clause
go.opentelemetry.io/otel/sdk,https://github.com/open-telemetry/opentelemetry-go/blob/sdk/v1.44.0/sdk/LICENSE,Apache-2.0
go.opentelemetry.io/otel/sdk,https://github.com/open-telemetry/opentelemetry-go/blob/sdk/v1.44.0/sdk/LICENSE,BSD-3-Clause
go.opentelemetry.io/otel/trace,https://github.com/open-telemetry/opentelemetry-go/blob/trace/v1.44.0/trace/LICENSE,Apache-2.0
go.opentelemetry.io/otel/trace,https://github.com/open-telemetry/opentelemetry-go/blob/trace/v1.44.0/trace/LICENSE,BSD-3-Clause
go.opentelemetry.io/proto/otlp,https://github.com/open-telemetry/opentelemetry-proto-go/blob/otlp/v1.10.0/otlp/LICENSE,Apache-2.0
go.yaml.in/yaml/v2,https://github.com/yaml/go-yaml/blob/v2.4.3/LICENSE,Apache-2.0
golang.org/x/exp/slices,https://cs.opensource.google/go/x/exp/+/716be562:LICENSE,BSD-3-Clause
golang.org/x/net,https://cs.opensource.google/go/x/net/+/v0.56.0:LICENSE,BSD-3-Clause
golang.org/x/sys/unix,https://cs.opensource.google/go/x/sys/+/v0.47.0:LICENSE,BSD-3-Clause
golang.org/x/text,https://cs.opensource.google/go/x/text/+/v0.40.0:LICENSE,BSD-3-Clause
google.golang.org/genproto/googleapis/api,https://github.com/googleapis/go-genproto/blob/3dc84a4a5aaa/googleapis/api/LICENSE,Apache-2.0
google.golang.org/genproto/googleapis/rpc,https://github.com/googleapis/go-genproto/blob/3dc84a4a5aaa/googleapis/rpc/LICENSE,Apache-2.0
google.golang.org/grpc,https://github.com/grpc/grpc-go/blob/v1.82.1/LICENSE,Apache-2.0
google.golang.org/protobuf,https://github.com/protocolbuffers/protobuf-go/blob/v1.36.11/LICENSE,BSD-3-Clause
gopkg.in/yaml.v3,https://github.com/go-yaml/yaml/blob/v3.0.1/LICENSE,MIT
